{"snailName":"Fran","bodyColor":{"r":1.0,"g":0.762499988079071,"b":0.25,"a":1.0},"shellColor":{"r":1.0,"g":0.25,"b":0.9625002145767212,"a":1.0},"hatNumber":5}