{"snailName":"Manu","bodyColor":{"r":1.0,"g":0.6625000238418579,"b":0.25,"a":1.0},"shellColor":{"r":0.25,"g":0.7749998569488525,"b":1.0,"a":1.0},"hatNumber":1}