{"snailName":"Salva","bodyColor":{"r":1.0,"g":0.3375000059604645,"b":0.25,"a":1.0},"shellColor":{"r":1.0,"g":0.26249998807907107,"b":0.25,"a":1.0},"hatNumber":3}