{"snailName":"Sergio","bodyColor":{"r":0.7249999046325684,"g":0.25,"b":1.0,"a":1.0},"shellColor":{"r":0.5875000357627869,"g":1.0,"b":0.25,"a":1.0},"hatNumber":2}